punto_id,plugshare_id,url_plugshare,empresa,red_actual,red_anterior,fecha_cambio_red,conectores_total,ccs,gbt,chademo,kw_nominal,voltage,amperage,kw_real,carga_simultanea,estado,estado_interno,nombre_local,departamento,pais,comentario,fecha_eliminacion_confirmada,visible_en_informe_hasta,autoconfirmado,fuente_base,notas
PY-556244,556244,https://www.plugshare.com/location/556244,EverGo,EverGo,,,2,1,0,1,50,500,125,50.0,NO,Fuera de Servicio,ELIMINADO,AGRIESA - EverGo,Alto Paraná,Paraguay,Eliminado confirmado 2026-08-31. Visible en PPT/PDF hasta 2027-02-28.,2026-08-31,2027-02-28,NO,archivo_usuario_2026-08,Usuario confirmó eliminación. Ventana de 6 meses en informe compartible.
PY-550304,550304,https://www.plugshare.com/location/550304,EverGo,EverGo,,,2,1,0,1,50,500,125,50.0,NO,En Funcionamiento,ACTIVO_SIN_CONFIRMAR,Biggie Express Lillo Villa Morra - EverGo,Central,Paraguay,,,,NO,archivo_usuario_2026-08,Importado del Excel original del usuario. Pendiente de verificación PlugShare en la primera corrida.
PY-591112,591112,https://www.plugshare.com/location/591112,EverGo,EverGo,,,2,1,0,1,50,500,125,50.0,NO,En Funcionamiento,ACTIVO_SIN_CONFIRMAR,Biggie Express Ñemby - EverGo,Central,Paraguay,,,,NO,archivo_usuario_2026-08,Importado del Excel original del usuario. Pendiente de verificación PlugShare en la primera corrida.
PY-550305,550305,https://www.plugshare.com/location/550305,EverGo,EverGo,,,2,1,0,1,50,500,125,50.0,NO,En Funcionamiento,ACTIVO_SIN_CONFIRMAR,Biggie Express Sargento Gauto - Evergo,Central,Paraguay,,,,NO,archivo_usuario_2026-08,Importado del Excel original del usuario. Pendiente de verificación PlugShare en la primera corrida.
PY-561818,561818,https://www.plugshare.com/location/561818,EverGo,EverGo,,,2,1,0,1,50,500,125,50.0,NO,En Funcionamiento,ACTIVO_SIN_CONFIRMAR,Biggie Genaro Romero - Evergo,Central,Paraguay,,,,NO,archivo_usuario_2026-08,Importado del Excel original del usuario. Pendiente de verificación PlugShare en la primera corrida.
PY-496785,496785,https://www.plugshare.com/location/496785,Petrobras,Petrobras,,,2,1,0,1,0,0,0,0.0,NO,Fuera de Servicio,FUERA_DE_SERVICIO,Estación de Servicio Petrobras,Asunción,Paraguay,*roto. Confirmado FDS por usuario 2026-08-31. No es eliminación definitiva.,,,NO,archivo_usuario_2026-08,Usuario confirmó fuera de servicio. Nombre tomado del título público PlugShare. Sin ventana de 6 meses (no se confirmó eliminación).
PY-561924,561924,https://www.plugshare.com/location/561924,EverGo,EverGo,,,2,1,0,1,50,500,125,50.0,NO,En Funcionamiento,ACTIVO_SIN_CONFIRMAR,Biggie Luque - EverGo,Central,Paraguay,,,,NO,archivo_usuario_2026-08,Importado del Excel original del usuario. Pendiente de verificación PlugShare en la primera corrida.
PY-577015,577015,https://www.plugshare.com/location/577015,EverGo,EverGo,,,2,1,0,1,50,500,125,50.0,NO,En Funcionamiento,ACTIVO_SIN_CONFIRMAR,Biggie Mcal/ López,Central,Paraguay,,,,NO,archivo_usuario_2026-08,Importado del Excel original del usuario. Pendiente de verificación PlugShare en la primera corrida.
PY-548865,548865,https://www.plugshare.com/location/548865,EverGo,EverGo,,,2,1,0,1,50,500,125,50.0,NO,En Funcionamiento,ACTIVO_SIN_CONFIRMAR,Biggie San Lorenzo - EverGo,Central,Paraguay,,,,NO,archivo_usuario_2026-08,Importado del Excel original del usuario. Pendiente de verificación PlugShare en la primera corrida.
PY-541237,541237,https://www.plugshare.com/location/541237,Diesa,Diesa,,,2,1,1,0,60,500,150,60.0,SI,En Funcionamiento,ACTIVO_SIN_CONFIRMAR,D Shopping Coronel Oviedo,Caaguazú,Paraguay,,,,NO,archivo_usuario_2026-08,Importado del Excel original del usuario. Pendiente de verificación PlugShare en la primera corrida.
PY-582737,582737,https://www.plugshare.com/location/582737,Diesa,Diesa,,,1,0,1,0,60,500,150,60.0,SI,En Funcionamiento,ACTIVO_SIN_CONFIRMAR,Diesa Ciudad Del Este,Alto Paraná,Paraguay,,,,NO,archivo_usuario_2026-08,Importado del Excel original del usuario. Pendiente de verificación PlugShare en la primera corrida.
PY-222978,222978,https://www.plugshare.com/location/222978,PTI,PTI,,,2,1,1,1,50,400,125,50.0,NO,En Funcionamiento,ACTIVO_SIN_CONFIRMAR,Estacion de servicio Enex,Cordillera,Paraguay,Ubicado en estación de servicio Enex. Operador del cargador: PTI.,,,NO,archivo_usuario_2026-08,Usuario 2026-08-31: sigue siendo PTI. Enex es solo el predio/host.
PY-576598,576598,https://www.plugshare.com/location/576598,EverGo,EverGo,,,2,1,0,1,50,500,125,50.0,NO,En Funcionamiento,ACTIVO_SIN_CONFIRMAR,Estación De Servicio Puma y Drei Schritte,Canindeyú,Paraguay,,,,NO,archivo_usuario_2026-08,Importado del Excel original del usuario. Pendiente de verificación PlugShare en la primera corrida.
PY-561831,561831,https://www.plugshare.com/location/561831,Enex,Enex,,,2,1,1,0,50,500,125,50.0,NO,En Funcionamiento,ACTIVO_SIN_CONFIRMAR,Estacion de Servicios Enex,Central,Paraguay,,,,NO,archivo_usuario_2026-08,Importado del Excel original del usuario. Pendiente de verificación PlugShare en la primera corrida.
PY-530588,530588,https://www.plugshare.com/location/530588,Automotor,Automotor,,,2,1,0,1,100,500,200,80.0,SI,En Funcionamiento,ACTIVO_SIN_CONFIRMAR,Estación Integral - Yby Yau,Concepción,Paraguay,*Cable limitado a 200A,,,NO,archivo_usuario_2026-08,Importado del Excel original del usuario. Pendiente de verificación PlugShare en la primera corrida.
PY-513138,513138,https://www.plugshare.com/location/513138,Automotor,Automotor,,,2,2,0,0,100,500,200,80.0,SI,En Funcionamiento,ACTIVO_SIN_CONFIRMAR,Estación Integral km 201 - Automotor,Caaguazú,Paraguay,*Cable limitado a 200A,,,NO,archivo_usuario_2026-08,Importado del Excel original del usuario. Pendiente de verificación PlugShare en la primera corrida.
PY-559663,559663,https://www.plugshare.com/location/559663,EverGo,EverGo,,,2,1,0,1,50,500,125,50.0,NO,En Funcionamiento,ACTIVO_SIN_CONFIRMAR,Estación Puma Interlagos - EverGo,Alto Paraná,Paraguay,,,,NO,archivo_usuario_2026-08,Importado del Excel original del usuario. Pendiente de verificación PlugShare en la primera corrida.
PY-545869,545869,https://www.plugshare.com/location/545869,EverGo,EverGo,,,2,1,0,1,50,500,125,50.0,NO,En Funcionamiento,ACTIVO_SIN_CONFIRMAR,Evergo - Biggie De Las Palmeras,Central,Paraguay,,,,NO,archivo_usuario_2026-08,Importado del Excel original del usuario. Pendiente de verificación PlugShare en la primera corrida.
PY-547717,547717,https://www.plugshare.com/location/547717,Diesa,Diesa,,,2,1,1,0,60,500,150,60.0,SI,En Funcionamiento,ACTIVO_SIN_CONFIRMAR,Hotel Cooperativa MPAI Naranjito Ltda.,Itapua,Paraguay,,,,NO,archivo_usuario_2026-08,Importado del Excel original del usuario. Pendiente de verificación PlugShare en la primera corrida.
PY-525657,525657,https://www.plugshare.com/location/525657,Automotor,Automotor,,,2,2,0,0,100,500,200,80.0,SI,En Funcionamiento,ACTIVO_SIN_CONFIRMAR,Integral Sacramento Y Vía Ferrea - Automotor,Central,Paraguay,*Cable limitado a 200A,,,NO,archivo_usuario_2026-08,Importado del Excel original del usuario. Pendiente de verificación PlugShare en la primera corrida.
PY-525017,525017,https://www.plugshare.com/location/525017,Automotor,Automotor,,,2,2,0,0,100,500,200,80.0,SI,En Funcionamiento,ACTIVO_SIN_CONFIRMAR,Integral Santani - Automotor,San Pedro,Paraguay,*Cable limitado a 200A,,,NO,archivo_usuario_2026-08,Importado del Excel original del usuario. Pendiente de verificación PlugShare en la primera corrida.
PY-512141,512141,https://www.plugshare.com/location/512141,Automotor,Automotor,,,2,2,0,0,100,500,200,80.0,SI,En Funcionamiento,ACTIVO_SIN_CONFIRMAR,Integral Service Station,Alto Paraná,Paraguay,*Cable limitado a 200A,,,NO,archivo_usuario_2026-08,Importado del Excel original del usuario. Pendiente de verificación PlugShare en la primera corrida.
PY-354126,354126,https://www.plugshare.com/location/354126,Diesa,Diesa,,,2,1,1,0,60,500,150,60.0,SI,En Funcionamiento,ACTIVO_SIN_CONFIRMAR,Parador Del Touring,Misiones,Paraguay,,,,NO,archivo_usuario_2026-08,Importado del Excel original del usuario. Pendiente de verificación PlugShare en la primera corrida.
PY-223276,223276,https://www.plugshare.com/location/223276,PTI,PTI,,,2,1,0,1,50,400,125,50.0,NO,En Funcionamiento,ACTIVO_SIN_CONFIRMAR,Petropar San Jose 2,Caaguazú,Paraguay,,,,NO,archivo_usuario_2026-08,Importado del Excel original del usuario. Pendiente de verificación PlugShare en la primera corrida.
PY-576600,576600,https://www.plugshare.com/location/576600,EverGo,EverGo,,,2,1,0,1,50,500,125,50.0,NO,En Funcionamiento,ACTIVO_SIN_CONFIRMAR,Puma Kaavo Santani - EverGo,San Pedro,Paraguay,,,,NO,archivo_usuario_2026-08,Importado del Excel original del usuario. Pendiente de verificación PlugShare en la primera corrida.
PY-560790,560790,https://www.plugshare.com/location/560790,EverGo,EverGo,,,2,1,0,1,50,500,125,50.0,NO,En Funcionamiento,ACTIVO_SIN_CONFIRMAR,Puma Parador campo 9 - EverGo,Caaguazú,Paraguay,,,,NO,archivo_usuario_2026-08,Importado del Excel original del usuario. Pendiente de verificación PlugShare en la primera corrida.
PY-588466,588466,https://www.plugshare.com/location/588466,EverGo,EverGo,,,2,1,0,1,50,500,125,50.0,NO,En Funcionamiento,ACTIVO_SIN_CONFIRMAR,Puma Shopping Pinedo,Central,Paraguay,,,,NO,archivo_usuario_2026-08,Importado del Excel original del usuario. Pendiente de verificación PlugShare en la primera corrida.
PY-561234,561234,https://www.plugshare.com/location/561234,EverGo,EverGo,,,2,1,0,1,50,500,125,50.0,NO,En Funcionamiento,ACTIVO_SIN_CONFIRMAR,Puma Ypacarai - EverGo,Central,Paraguay,,,,NO,archivo_usuario_2026-08,Importado del Excel original del usuario. Pendiente de verificación PlugShare en la primera corrida.
PY-247410,247410,https://www.plugshare.com/location/247410,Timbo,Timbo,,,2,0,2,0,50,500,125,50.0,SI,Fuera de Servicio,FUERA_DE_SERVICIO,Shell Madame Lynch - BAIC,Central,Paraguay,Confirmado Timbo. Sigue fuera de servicio. No es cambio de red.,,,NO,archivo_usuario_2026-08,Usuario 2026-08-31: sigue Timbo FDS. No registrar pérdida de red.
PY-485055,485055,https://www.plugshare.com/location/485055,Shell,Shell,,,2,1,0,1,50,500,125,50.0,NO,En Funcionamiento,ACTIVO_SIN_CONFIRMAR,Shell Recharge | Estación Shell Bahia Aviadores - ASU,Central,Paraguay,,,,NO,archivo_usuario_2026-08,Importado del Excel original del usuario. Pendiente de verificación PlugShare en la primera corrida.
PY-478320,478320,https://www.plugshare.com/location/478320,EverGo,EverGo,,,2,1,0,1,50,500,125,50.0,NO,En Funcionamiento,ACTIVO_SIN_CONFIRMAR,Volvo charge - EverGo,Central,Paraguay,,,,NO,archivo_usuario_2026-08,Usuario 2026-08-31: sigue EverGo. Nombre corregido según título público PlugShare.
PY-602983,602983,https://www.plugshare.com/location/602983,EverGo,EverGo,,,2,1,0,1,50,500,125,50.0,NO,En Funcionamiento,ACTIVO_SIN_CONFIRMAR,Fruteria Paraguari - EverGo,Paraguari,Paraguay,,,,NO,archivo_usuario_2026-08,Importado del Excel original del usuario. Pendiente de verificación PlugShare en la primera corrida.
